Time,Foldchange
0,1
10,8.607266625
24,3.095767504
34,1.58031398
48,1.132491592
58,1.313484649
72,1.377695739
82,4.820698845
96,3.410599322
106,2.759442102
120,1.88320138
130,2.987497632
